,loss,accuracy,f1_score
dublin.tinyBERT,0.5747467875480652,0.695,0.6965174129353233
