,loss,accuracy,f1_score
S140-test.tinyBERT,0.3845202624797821,0.8272980501392758,0.8324324324324325
